symbol,entry_time,exit_time,direction,pnl_pct,weighted_pnl,weight,hold_bars,exit_reason,confidence,position_factor
BTC,2026-04-29 03:00:00,2026-05-01 15:00:00,-1,-1.9709823705064144,-0.3941964741012829,0.2,60,time,0.638,1.0
ETH,2026-04-29 03:00:00,2026-05-01 15:00:00,-1,0.08312100119828786,0.016624200239657574,0.2,60,time,0.93,1.0
SOL,2026-04-29 03:00:00,2026-05-01 15:00:00,-1,0.07371320487056347,0.025799621704697216,0.35,60,time,0.6628,1.0
UNI,2026-04-29 03:00:00,2026-05-01 15:00:00,-1,0.745096241979839,0.18627406049495976,0.25,60,time,0.9631,1.0
BTC,2026-05-01 15:00:00,2026-05-04 03:00:00,-1,-2.467303936128568,-0.49346078722571357,0.2,60,time,0.7973,1.0
ETH,2026-05-01 15:00:00,2026-05-04 03:00:00,-1,-3.4283979964122606,-0.6856795992824521,0.2,60,time,0.7482,1.0
SOL,2026-05-01 15:00:00,2026-05-04 03:00:00,-1,-1.2054676770068704,-0.4219136869524046,0.35,60,time,0.8794,1.0
UNI,2026-05-01 15:00:00,2026-05-04 03:00:00,-1,-3.1616137973514045,-0.7904034493378511,0.25,60,time,0.9856,1.0
BTC,2026-05-04 03:00:00,2026-05-06 15:00:00,-1,-1.8090709653160661,-0.3618141930632133,0.2,60,time,0.9234,1.0
SOL,2026-05-04 03:00:00,2026-05-06 08:00:00,-1,-3.081800000000004,-1.0786300000000013,0.35,53,sl,0.9758,0.5
ETH,2026-05-04 05:00:00,2026-05-06 17:00:00,-1,1.03951222591112,0.207902445182224,0.2,60,time,0.9781,1.0
UNI,2026-05-04 09:00:00,2026-05-06 10:00:00,-1,-3.832249999999999,-0.9580624999999997,0.25,49,sl,0.9445,1.0
SOL,2026-05-06 08:00:00,2026-05-08 18:00:00,-1,-3.8322499999999926,-1.3412874999999973,0.35,58,sl,0.5049,1.0
UNI,2026-05-06 10:00:00,2026-05-08 16:00:00,-1,-3.832249999999996,-0.958062499999999,0.25,54,sl,0.92,1.0
BTC,2026-05-06 15:00:00,2026-05-09 03:00:00,-1,1.5263998844583082,0.30527997689166164,0.2,60,time,0.7672,1.0
ETH,2026-05-06 19:00:00,2026-05-09 07:00:00,-1,1.366627439125651,0.2733254878251302,0.2,60,time,0.6298,1.0
UNI,2026-05-08 16:00:00,2026-05-09 00:00:00,-1,-3.8322499999999997,-0.9580624999999999,0.25,8,sl,0.597,1.0
SOL,2026-05-08 19:00:00,2026-05-10 17:00:00,-1,-3.0818000000000065,-1.0786300000000022,0.35,46,sl,0.8795,0.5
BTC,2026-05-09 03:00:00,2026-05-10 04:00:00,1,0.3737522965565025,0.0747504593113005,0.2,25,time,0.9654,0.5
UNI,2026-05-09 06:00:00,2026-05-09 14:00:00,1,-1.879639999999998,-0.4699099999999995,0.25,8,sl,0.6868,1.5
ETH,2026-05-09 07:00:00,2026-05-11 09:00:00,1,0.8383502972281737,0.16767005944563473,0.2,50,time,0.9342,1.0
UNI,2026-05-09 14:00:00,2026-05-09 18:00:00,-1,-3.0817999999999954,-0.7704499999999989,0.25,4,sl,0.7645,0.8
UNI,2026-05-09 18:00:00,2026-05-10 00:00:00,-1,-3.081799999999999,-0.7704499999999997,0.25,6,sl,0.9199,0.8
UNI,2026-05-10 00:00:00,2026-05-10 05:00:00,-1,-3.0817999999999963,-0.7704499999999991,0.25,5,sl,0.6104,0.8
BTC,2026-05-10 04:00:00,2026-05-12 06:00:00,1,0.2468350652824174,0.04936701305648348,0.2,50,time,0.9644,1.0
UNI,2026-05-10 05:00:00,2026-05-10 07:00:00,-1,-3.8322499999999997,-0.9580624999999999,0.25,2,sl,0.7261,1.0
UNI,2026-05-10 07:00:00,2026-05-10 13:00:00,-1,-3.8322500000000046,-0.9580625000000011,0.25,6,sl,0.8623,1.0
SOL,2026-05-10 17:00:00,2026-05-13 05:00:00,-1,1.2155958549222796,0.42545854922279785,0.35,60,time,0.8261,1.0
UNI,2026-05-11 08:00:00,2026-05-12 01:00:00,-1,2.9206000000000016,0.7301500000000004,0.25,17,tp,0.9742,0.8
ETH,2026-05-11 09:00:00,2026-05-13 21:00:00,-1,3.3445154496185765,0.6689030899237154,0.2,60,time,0.5333,1.0
UNI,2026-05-12 01:00:00,2026-05-12 16:00:00,-1,2.9206000000000043,0.7301500000000011,0.25,15,tp,0.98,0.8
BTC,2026-05-12 06:00:00,2026-05-14 02:00:00,-1,1.9687675047210054,0.3937535009442011,0.2,44,end,0.9029,0.5
UNI,2026-05-12 16:00:00,2026-05-14 02:00:00,1,-2.32400757166035,-0.5810018929150875,0.25,34,end,0.8441,1.0
SOL,2026-05-13 05:00:00,2026-05-14 02:00:00,-1,4.83385261389881,1.6918484148645836,0.35,21,end,0.9958,1.0
ETH,2026-05-13 23:00:00,2026-05-14 02:00:00,-1,0.24679039127316998,0.049358078254634,0.2,3,end,0.558,1.0
BTC,2026-05-14 03:00:00,2026-05-16 05:00:00,1,-0.08860151821862716,-0.017720303643725434,0.2,50,time,0.991,1.0
ETH,2026-05-14 03:00:00,2026-05-16 05:00:00,1,-0.8304486198884103,-0.16608972397768207,0.2,50,time,0.9819,1.0
SOL,2026-05-14 03:00:00,2026-05-16 05:00:00,1,-1.6029330664887753,-0.5610265732710713,0.35,50,time,0.9379,1.0
UNI,2026-05-14 03:00:00,2026-05-14 14:00:00,1,2.9182000000000032,0.7295500000000008,0.25,11,tp,0.9896,0.5
UNI,2026-05-14 14:00:00,2026-05-15 13:00:00,1,-3.079400000000001,-0.7698500000000003,0.25,23,sl,0.8863,0.5
UNI,2026-05-15 13:00:00,2026-05-16 14:00:00,1,-1.124398644833425,-0.2810996612083563,0.25,25,time,0.8514,0.5
BTC,2026-05-16 05:00:00,2026-05-18 17:00:00,-1,2.8650439498287503,0.5730087899657501,0.2,60,time,0.9645,1.0
ETH,2026-05-16 05:00:00,2026-05-17 23:00:00,-1,5.171049999999995,1.034209999999999,0.2,42,tp,0.9308,1.0
SOL,2026-05-16 05:00:00,2026-05-17 23:00:00,-1,5.171050000000007,1.8098675000000024,0.35,42,tp,0.9966,1.0
UNI,2026-05-16 14:00:00,2026-05-17 12:00:00,1,2.918200000000002,0.7295500000000005,0.25,22,tp,0.666,0.5
UNI,2026-05-17 12:00:00,2026-05-17 23:00:00,-1,2.920600000000001,0.7301500000000003,0.25,11,tp,0.9255,0.5
ETH,2026-05-17 23:00:00,2026-05-19 00:00:00,1,0.17470128553525652,0.03494025710705131,0.2,25,time,0.6621,0.5
UNI,2026-05-17 23:00:00,2026-05-20 01:00:00,1,-0.3967569124423998,-0.09918922811059995,0.25,50,time,0.7439,1.0
SOL,2026-05-18 00:00:00,2026-05-20 12:00:00,-1,0.20125131810192726,0.07043796133567454,0.35,60,time,0.7656,0.5
BTC,2026-05-18 17:00:00,2026-05-20 19:00:00,1,1.1825036828835218,0.23650073657670437,0.2,50,time,0.8443,1.0
ETH,2026-05-19 00:00:00,2026-05-21 12:00:00,-1,0.8035416052243471,0.16070832104486943,0.2,60,time,0.9712,1.0
UNI,2026-05-20 01:00:00,2026-05-20 06:00:00,1,2.918199999999996,0.729549999999999,0.25,5,tp,0.9571,0.5
UNI,2026-05-20 06:00:00,2026-05-21 01:00:00,1,2.9182000000000063,0.7295500000000016,0.25,19,tp,0.6823,0.5
SOL,2026-05-20 12:00:00,2026-05-21 13:00:00,1,1.0355328398543096,0.36243649394900834,0.35,25,time,0.953,0.5
BTC,2026-05-20 19:00:00,2026-05-23 07:00:00,-1,3.8567874472322643,0.7713574894464529,0.2,60,time,0.788,1.0
UNI,2026-05-21 01:00:00,2026-05-22 19:00:00,-1,5.171050000000003,1.2927625000000007,0.25,42,tp,0.9883,1.0
ETH,2026-05-21 12:00:00,2026-05-22 13:00:00,1,0.526549471725378,0.10530989434507561,0.2,25,time,0.9267,0.5
SOL,2026-05-21 13:00:00,2026-05-23 07:00:00,1,-3.829250000000004,-1.3402375000000013,0.35,42,sl,0.9849,1.0
ETH,2026-05-22 13:00:00,2026-05-22 19:00:00,-1,2.9205999999999976,0.5841199999999995,0.2,6,tp,0.9822,0.5
ETH,2026-05-22 19:00:00,2026-05-23 20:00:00,1,2.918199999999993,0.5836399999999986,0.2,25,tp,0.8234,0.5
UNI,2026-05-22 20:00:00,2026-05-23 00:00:00,-1,5.171050000000001,1.2927625000000003,0.25,4,tp,0.9925,1.0
UNI,2026-05-23 00:00:00,2026-05-23 18:00:00,1,2.9182000000000006,0.7295500000000001,0.25,18,tp,0.8097,0.5
BTC,2026-05-23 07:00:00,2026-05-25 09:00:00,1,3.914090889597692,0.7828181779195384,0.2,50,time,0.985,1.0
SOL,2026-05-23 07:00:00,2026-05-23 20:00:00,1,5.166849999999993,1.8083974999999974,0.35,13,tp,0.8868,1.0
UNI,2026-05-23 18:00:00,2026-05-26 00:00:00,-1,3.6707499999999995,0.9176874999999999,0.25,54,tp,0.7596,0.8
ETH,2026-05-23 20:00:00,2026-05-26 08:00:00,-1,2.2026295778585414,0.4405259155717083,0.2,60,time,0.9586,1.0
SOL,2026-05-23 20:00:00,2026-05-26 08:00:00,-1,2.9408153422140515,1.029285369774918,0.35,60,time,0.8853,1.0
BTC,2026-05-25 09:00:00,2026-05-27 13:00:00,-1,2.920599999999996,0.5841199999999992,0.2,52,tp,0.8783,0.5
UNI,2026-05-26 00:00:00,2026-05-26 14:00:00,-1,-3.081800000000002,-0.7704500000000005,0.25,14,sl,0.9006,0.5
ETH,2026-05-26 08:00:00,2026-05-28 03:00:00,-1,5.171049999999997,1.0342099999999994,0.2,43,tp,0.9138,1.0
SOL,2026-05-26 08:00:00,2026-05-28 03:00:00,1,-3.8292500000000054,-1.3402375000000017,0.35,43,sl,0.5946,1.0
UNI,2026-05-26 14:00:00,2026-05-27 23:00:00,-1,5.171049999999997,1.2927624999999991,0.25,33,tp,0.9942,1.0
BTC,2026-05-27 13:00:00,2026-05-29 02:00:00,-1,2.3989462622797033,0.4797892524559407,0.2,37,end,0.6486,1.0
UNI,2026-05-27 23:00:00,2026-05-28 11:00:00,1,-3.0793999999999957,-0.7698499999999989,0.25,12,sl,0.7352,0.5
ETH,2026-05-28 03:00:00,2026-05-29 02:00:00,1,0.8060894796334391,0.16121789592668784,0.2,23,end,0.9466,1.0
SOL,2026-05-28 03:00:00,2026-05-29 02:00:00,1,0.9475015483711114,0.33162554192988897,0.35,23,end,0.8863,0.5
UNI,2026-05-28 15:00:00,2026-05-29 02:00:00,-1,-0.9775481727574796,-0.2443870431893699,0.25,11,end,0.4914,0.8
BTC,2026-05-29 03:00:00,2026-05-30 04:00:00,1,0.032749856079183855,0.006549971215836771,0.2,25,time,0.7037,0.5
SOL,2026-05-29 03:00:00,2026-05-30 04:00:00,1,0.7770133529339739,0.27195467352689084,0.35,25,time,0.6885,0.5
UNI,2026-05-29 03:00:00,2026-05-31 15:00:00,-1,1.2725131926121347,0.3181282981530337,0.25,60,time,0.9513,0.5
ETH,2026-05-29 04:00:00,2026-05-31 16:00:00,-1,0.2242664462711114,0.04485328925422228,0.2,60,time,0.68,0.5
BTC,2026-05-30 04:00:00,2026-05-31 05:00:00,1,0.8335099131998894,0.1667019826399779,0.2,25,time,0.9609,0.5
SOL,2026-05-30 04:00:00,2026-06-01 06:00:00,1,-1.160667962108332,-0.40623378673791616,0.35,50,time,0.9027,1.0
BTC,2026-05-31 05:00:00,2026-06-02 02:00:00,-1,5.171050000000004,1.0342100000000007,0.2,45,tp,0.9397,1.0
UNI,2026-05-31 15:00:00,2026-06-02 14:00:00,1,-3.8292500000000054,-0.9573125000000013,0.25,47,sl,0.8426,1.0
ETH,2026-05-31 16:00:00,2026-06-02 15:00:00,-1,5.171049999999998,1.0342099999999996,0.2,47,tp,0.5276,1.0
SOL,2026-06-01 06:00:00,2026-06-02 09:00:00,-1,2.9206,1.0222099999999998,0.35,27,tp,0.8448,0.5
BTC,2026-06-02 02:00:00,2026-06-02 15:00:00,-1,5.171050000000001,1.0342100000000003,0.2,13,tp,0.9745,1.0
SOL,2026-06-02 09:00:00,2026-06-02 19:00:00,-1,5.171049999999992,1.809867499999997,0.35,10,tp,0.9888,1.0
UNI,2026-06-02 14:00:00,2026-06-02 23:00:00,-1,2.9206000000000034,0.7301500000000009,0.25,9,tp,0.825,0.5
BTC,2026-06-02 15:00:00,2026-06-04 00:00:00,-1,5.171050000000002,1.0342100000000005,0.2,33,tp,0.7443,1.0
ETH,2026-06-02 15:00:00,2026-06-02 23:00:00,-1,2.9205999999999985,0.5841199999999998,0.2,8,tp,0.9234,0.5
SOL,2026-06-02 19:00:00,2026-06-03 20:00:00,-1,5.171049999999996,1.8098674999999984,0.35,25,tp,0.8682,1.0
ETH,2026-06-02 23:00:00,2026-06-04 01:00:00,-1,5.171050000000004,1.0342100000000007,0.2,26,tp,0.4889,1.0
UNI,2026-06-02 23:00:00,2026-06-04 01:00:00,1,-3.829249999999993,-0.9573124999999982,0.25,26,sl,0.7307,1.0
SOL,2026-06-03 20:00:00,2026-06-04 01:00:00,1,-3.079399999999996,-1.0777899999999985,0.35,5,sl,0.8831,0.8
BTC,2026-06-04 00:00:00,2026-06-04 02:00:00,-1,2.9206,0.58412,0.2,2,tp,0.7523,0.8
ETH,2026-06-04 01:00:00,2026-06-05 05:00:00,-1,3.6707500000000044,0.734150000000001,0.2,28,tp,0.5834,0.8
SOL,2026-06-04 01:00:00,2026-06-04 03:00:00,1,2.9181999999999984,1.0213699999999994,0.35,2,tp,0.7416,0.8
UNI,2026-06-04 01:00:00,2026-06-05 03:00:00,1,-3.8292499999999916,-0.9573124999999979,0.25,26,sl,0.5852,1.0
BTC,2026-06-04 03:00:00,2026-06-05 06:00:00,-1,3.6707500000000044,0.734150000000001,0.2,27,tp,0.9069,0.8
SOL,2026-06-04 03:00:00,2026-06-04 08:00:00,-1,3.6707500000000013,1.2847625000000005,0.35,5,tp,0.9803,0.8
SOL,2026-06-04 08:00:00,2026-06-05 04:00:00,-1,3.670750000000009,1.284762500000003,0.35,20,tp,0.7188,0.8
UNI,2026-06-05 03:00:00,2026-06-05 06:00:00,-1,3.6707500000000075,0.9176875000000019,0.25,3,tp,0.9496,0.8
SOL,2026-06-05 04:00:00,2026-06-05 06:00:00,-1,3.6707499999999906,1.2847624999999967,0.35,2,tp,0.9502,0.8
ETH,2026-06-05 05:00:00,2026-06-05 14:00:00,-1,5.171049999999994,1.0342099999999987,0.2,9,tp,0.9702,1.0
BTC,2026-06-05 06:00:00,2026-06-05 15:00:00,-1,2.9206000000000056,0.5841200000000012,0.2,9,tp,0.9115,0.8
SOL,2026-06-05 06:00:00,2026-06-05 19:00:00,-1,3.670749999999999,1.2847624999999996,0.35,13,tp,0.5011,0.8
UNI,2026-06-05 06:00:00,2026-06-05 16:00:00,-1,3.670750000000003,0.9176875000000008,0.25,10,tp,0.721,0.8
ETH,2026-06-05 14:00:00,2026-06-05 19:00:00,-1,3.670750000000006,0.7341500000000013,0.2,5,tp,0.7121,0.8
BTC,2026-06-05 15:00:00,2026-06-07 22:00:00,-1,-4.582700000000005,-0.9165400000000011,0.2,55,sl,0.6576,0.8
UNI,2026-06-05 16:00:00,2026-06-05 18:00:00,-1,3.6707499999999955,0.9176874999999989,0.25,2,tp,0.6105,0.8
ETH,2026-06-05 19:00:00,2026-06-06 04:00:00,-1,3.6707499999999955,0.7341499999999992,0.2,9,tp,0.5331,0.8
UNI,2026-06-05 21:00:00,2026-06-06 04:00:00,-1,3.670749999999993,0.9176874999999982,0.25,7,tp,0.4892,0.8
SOL,2026-06-06 00:00:00,2026-06-06 04:00:00,-1,3.670749999999999,1.2847624999999996,0.35,4,tp,0.9615,0.8
ETH,2026-06-06 05:00:00,2026-06-07 08:00:00,-1,-4.582700000000004,-0.9165400000000009,0.2,27,sl,0.5954,0.8
UNI,2026-06-06 06:00:00,2026-06-07 03:00:00,-1,-4.582700000000006,-1.1456750000000016,0.25,21,sl,0.5123,0.8
SOL,2026-06-06 18:00:00,2026-06-07 06:00:00,-1,-4.58269999999999,-1.6039449999999964,0.35,12,sl,0.5713,0.8
UNI,2026-06-07 03:00:00,2026-06-07 22:00:00,1,2.918199999999994,0.7295499999999985,0.25,19,tp,0.6219,0.8
ETH,2026-06-07 08:00:00,2026-06-07 22:00:00,1,2.9182000000000023,0.5836400000000005,0.2,14,tp,0.5056,0.8
SOL,2026-06-07 08:00:00,2026-06-09 20:00:00,-1,0.42047915087187004,0.1471677028051545,0.35,60,time,0.6439,0.8
BTC,2026-06-07 22:00:00,2026-06-09 04:00:00,1,0.5206059294938005,0.1041211858987601,0.2,30,time,0.6339,0.8
ETH,2026-06-07 22:00:00,2026-06-10 10:00:00,-1,2.556669098127372,0.5113338196254744,0.2,60,time,0.7354,1.0
UNI,2026-06-07 22:00:00,2026-06-09 00:00:00,-1,2.9205999999999976,0.7301499999999994,0.25,26,tp,0.5186,0.8
UNI,2026-06-09 00:00:00,2026-06-09 06:00:00,-1,-3.081799999999996,-0.770449999999999,0.25,6,sl,0.8157,0.8
BTC,2026-06-09 04:00:00,2026-06-11 16:00:00,-1,0.9717067447567485,0.1943413489513497,0.2,60,time,0.9927,1.0
UNI,2026-06-09 06:00:00,2026-06-10 19:00:00,-1,5.1710499999999975,1.2927624999999994,0.25,37,tp,0.9891,1.0
SOL,2026-06-09 20:00:00,2026-06-10 08:00:00,-1,2.9205999999999968,1.0222099999999987,0.35,12,tp,0.9269,0.5
SOL,2026-06-10 08:00:00,2026-06-10 13:00:00,-1,-3.081799999999997,-1.0786299999999989,0.35,5,sl,0.833,0.5
ETH,2026-06-10 10:00:00,2026-06-11 17:00:00,-1,-3.0818000000000003,-0.6163600000000001,0.2,31,sl,0.8723,0.8
SOL,2026-06-10 13:00:00,2026-06-10 21:00:00,-1,2.9206,1.0222099999999998,0.35,8,tp,0.9797,0.5
UNI,2026-06-10 19:00:00,2026-06-11 03:00:00,-1,-3.832249999999995,-0.9580624999999987,0.25,8,sl,0.723,1.0
SOL,2026-06-10 21:00:00,2026-06-11 01:00:00,1,2.918199999999989,1.0213699999999961,0.35,4,tp,0.9087,0.5
SOL,2026-06-11 01:00:00,2026-06-12 15:00:00,1,5.166849999999995,1.808397499999998,0.35,38,tp,0.9649,1.0
UNI,2026-06-11 03:00:00,2026-06-13 02:00:00,1,0.5222900763358829,0.13057251908397072,0.25,47,end,0.7916,1.0
BTC,2026-06-11 16:00:00,2026-06-13 02:00:00,1,1.6221325705519558,0.3244265141103912,0.2,34,end,0.8844,1.0
ETH,2026-06-11 17:00:00,2026-06-13 02:00:00,-1,1.1389976371098078,0.22779952742196158,0.2,33,end,0.9902,1.0
SOL,2026-06-12 15:00:00,2026-06-13 02:00:00,-1,0.3363782337198946,0.1177323818019631,0.35,11,end,0.9385,1.0
BTC,2026-06-13 03:00:00,2026-06-14 04:00:00,1,1.1964677566864346,0.2392935513372869,0.2,25,time,0.9812,0.5
ETH,2026-06-13 03:00:00,2026-06-14 04:00:00,1,0.6803856454847935,0.1360771290969587,0.2,25,time,0.9839,0.5
SOL,2026-06-13 03:00:00,2026-06-13 21:00:00,1,2.918199999999992,1.0213699999999972,0.35,18,tp,0.9786,0.5
UNI,2026-06-13 03:00:00,2026-06-15 05:00:00,1,3.995921631347473,0.9989804078368683,0.25,50,time,0.9818,1.0
SOL,2026-06-13 21:00:00,2026-06-15 12:00:00,1,5.166849999999996,1.8083974999999983,0.35,39,tp,0.7937,1.0
BTC,2026-06-14 04:00:00,2026-06-16 06:00:00,1,3.1841622771773928,0.6368324554354786,0.2,50,time,0.9705,1.0
ETH,2026-06-14 04:00:00,2026-06-15 11:00:00,1,4.417299999999999,0.8834599999999999,0.2,31,tp,0.9495,1.0
UNI,2026-06-15 05:00:00,2026-06-15 15:00:00,1,5.166849999999995,1.2917124999999987,0.25,10,tp,0.9509,1.0
ETH,2026-06-15 11:00:00,2026-06-15 15:00:00,-1,-3.8322500000000037,-0.7664500000000007,0.2,4,sl,0.613,1.0
SOL,2026-06-15 12:00:00,2026-06-17 04:00:00,1,1.278141386410445,0.4473494852436557,0.35,40,time,0.6975,1.5
UNI,2026-06-15 15:00:00,2026-06-16 00:00:00,1,5.16685,1.2917125,0.25,9,tp,0.9025,1.0
UNI,2026-06-16 00:00:00,2026-06-16 01:00:00,1,-1.8796400000000042,-0.46991000000000105,0.25,1,sl,0.9265,1.5
UNI,2026-06-16 01:00:00,2026-06-16 02:00:00,1,-1.8796399999999955,-0.4699099999999989,0.25,1,sl,0.9393,1.5
ETH,2026-06-16 02:00:00,2026-06-17 18:00:00,1,-0.0754833716535741,-0.015096674330714821,0.2,40,time,0.5523,1.5
UNI,2026-06-16 02:00:00,2026-06-16 08:00:00,1,7.4155000000000015,1.8538750000000004,0.25,6,tp,0.9374,1.5
BTC,2026-06-16 06:00:00,2026-06-18 15:00:00,-1,5.1710499999999975,1.0342099999999996,0.2,57,tp,0.9577,1.0
UNI,2026-06-16 08:00:00,2026-06-16 09:00:00,1,-1.879639999999994,-0.4699099999999985,0.25,1,sl,0.9151,1.5
UNI,2026-06-16 09:00:00,2026-06-16 17:00:00,1,7.415499999999994,1.8538749999999986,0.25,8,tp,0.8907,1.5
UNI,2026-06-16 17:00:00,2026-06-17 00:00:00,1,7.415500000000002,1.8538750000000006,0.25,7,tp,0.6764,1.5
SOL,2026-06-17 04:00:00,2026-06-17 12:00:00,-1,2.920600000000008,1.0222100000000027,0.35,8,tp,0.9914,0.5
SOL,2026-06-17 12:00:00,2026-06-17 16:00:00,-1,-3.081799999999997,-1.0786299999999989,0.35,4,sl,0.6729,0.5
SOL,2026-06-17 16:00:00,2026-06-17 19:00:00,-1,2.9206000000000096,1.0222100000000034,0.35,3,tp,0.9947,0.5
ETH,2026-06-17 19:00:00,2026-06-19 21:00:00,1,-1.9721786601640727,-0.39443573203281457,0.2,50,time,0.6735,1.0
SOL,2026-06-17 19:00:00,2026-06-20 07:00:00,-1,0.0037571528262418234,0.001315003489184638,0.35,60,time,0.7485,1.0
UNI,2026-06-17 21:00:00,2026-06-18 05:00:00,-1,5.171050000000001,1.2927625000000003,0.25,8,tp,0.9442,1.0
UNI,2026-06-18 05:00:00,2026-06-18 16:00:00,-1,5.171049999999996,1.292762499999999,0.25,11,tp,0.5845,1.0
BTC,2026-06-18 15:00:00,2026-06-20 17:00:00,1,2.284789561614749,0.4569579123229498,0.2,50,time,0.8991,1.0
UNI,2026-06-18 16:00:00,2026-06-18 23:00:00,1,5.166850000000007,1.2917125000000018,0.25,7,tp,0.8806,1.0
UNI,2026-06-18 23:00:00,2026-06-19 04:00:00,-1,5.171050000000006,1.2927625000000016,0.25,5,tp,0.9675,1.0
UNI,2026-06-19 04:00:00,2026-06-19 13:00:00,1,2.918200000000002,0.7295500000000005,0.25,9,tp,0.5869,0.8
UNI,2026-06-19 13:00:00,2026-06-19 19:00:00,-1,2.9206000000000034,0.7301500000000009,0.25,6,tp,0.9747,0.8
UNI,2026-06-19 19:00:00,2026-06-21 01:00:00,1,-1.5687822634017186,-0.39219556585042964,0.25,30,time,0.5749,0.8
ETH,2026-06-19 21:00:00,2026-06-20 22:00:00,1,2.3458735391069925,0.46917470782139853,0.2,25,time,0.7405,0.5
SOL,2026-06-20 08:00:00,2026-06-20 22:00:00,1,2.9182000000000046,1.0213700000000014,0.35,14,tp,0.6437,0.5
BTC,2026-06-20 17:00:00,2026-06-23 08:00:00,1,-2.3295499999999967,-0.4659099999999994,0.2,63,sl,0.9666,1.2
ETH,2026-06-20 22:00:00,2026-06-23 08:00:00,-1,5.171049999999994,1.0342099999999987,0.2,58,tp,0.7811,1.0
SOL,2026-06-20 22:00:00,2026-06-23 06:00:00,-1,5.171050000000003,1.8098675000000009,0.35,56,tp,0.9045,1.0
UNI,2026-06-21 01:00:00,2026-06-21 10:00:00,1,2.918199999999993,0.7295499999999983,0.25,9,tp,0.7341,0.5
UNI,2026-06-21 12:00:00,2026-06-21 15:00:00,-1,-3.081800000000005,-0.7704500000000013,0.25,3,sl,0.7596,0.5
UNI,2026-06-21 15:00:00,2026-06-23 06:00:00,-1,5.171050000000004,1.292762500000001,0.25,39,tp,0.969,1.0
SOL,2026-06-23 06:00:00,2026-06-24 16:00:00,-1,5.171049999999991,1.8098674999999969,0.35,34,tp,0.8615,1.0
UNI,2026-06-23 06:00:00,2026-06-24 17:00:00,-1,5.171049999999991,1.2927624999999978,0.25,35,tp,0.6084,1.0
BTC,2026-06-23 08:00:00,2026-06-24 09:00:00,1,0.40169684088370683,0.08033936817674137,0.2,25,time,0.9513,0.5
ETH,2026-06-23 08:00:00,2026-06-24 16:00:00,1,-3.829249999999994,-0.7658499999999988,0.2,32,sl,0.5673,1.0
BTC,2026-06-24 09:00:00,2026-06-24 17:00:00,-1,5.171050000000005,1.034210000000001,0.2,8,tp,0.8127,1.0
ETH,2026-06-24 16:00:00,2026-06-25 05:00:00,1,2.918199999999993,0.5836399999999986,0.2,13,tp,0.7324,0.8
BTC,2026-06-24 17:00:00,2026-06-28 01:00:00,1,1.300813867943423,0.2601627735886846,0.2,80,time,0.9709,1.2
SOL,2026-06-24 17:00:00,2026-06-24 20:00:00,1,4.417299999999994,1.5460549999999977,0.35,3,tp,0.9307,1.0
UNI,2026-06-24 17:00:00,2026-06-24 20:00:00,1,5.166849999999999,1.2917124999999998,0.25,3,tp,0.9724,1.0
SOL,2026-06-24 20:00:00,2026-06-25 13:00:00,1,-2.7794599999999994,-0.9728109999999998,0.35,17,sl,0.6903,1.0
UNI,2026-06-24 20:00:00,2026-06-25 05:00:00,1,4.417299999999993,1.1043249999999982,0.25,9,tp,0.8843,1.0
ETH,2026-06-25 05:00:00,2026-06-25 13:00:00,-1,3.670749999999994,0.7341499999999989,0.2,8,tp,0.9819,0.8
UNI,2026-06-25 05:00:00,2026-06-25 13:00:00,-1,5.171049999999997,1.2927624999999991,0.25,8,tp,0.9503,1.0
ETH,2026-06-25 13:00:00,2026-06-27 15:00:00,1,4.31660882060352,0.863321764120704,0.2,50,time,0.933,1.0
SOL,2026-06-25 13:00:00,2026-06-25 14:00:00,1,2.918199999999992,1.0213699999999972,0.35,1,tp,0.9801,0.8
UNI,2026-06-25 13:00:00,2026-06-25 23:00:00,1,5.166850000000007,1.2917125000000018,0.25,10,tp,0.9364,1.0
SOL,2026-06-25 14:00:00,2026-06-25 23:00:00,1,2.9181999999999984,1.0213699999999994,0.35,9,tp,0.7874,0.8
SOL,2026-06-25 23:00:00,2026-06-26 06:00:00,1,2.9181999999999966,1.0213699999999988,0.35,7,tp,0.7438,0.8
UNI,2026-06-25 23:00:00,2026-06-26 02:00:00,1,-3.079399999999995,-0.7698499999999987,0.25,3,sl,0.6105,0.8
UNI,2026-06-26 02:00:00,2026-06-26 03:00:00,1,2.918200000000001,0.7295500000000003,0.25,1,tp,0.9501,0.8
UNI,2026-06-26 03:00:00,2026-06-26 16:00:00,1,2.918199999999999,0.7295499999999997,0.25,13,tp,0.9387,0.8
SOL,2026-06-26 06:00:00,2026-06-26 15:00:00,1,2.9181999999999912,1.0213699999999968,0.35,9,tp,0.7809,0.8
SOL,2026-06-26 15:00:00,2026-06-28 02:00:00,-1,1.7799333888426356,0.6229766860949224,0.35,35,end,0.7193,0.8
UNI,2026-06-26 17:00:00,2026-06-27 09:00:00,-1,2.920600000000005,0.7301500000000013,0.25,16,tp,0.9144,0.5
UNI,2026-06-27 09:00:00,2026-06-28 02:00:00,1,-0.5242036910458081,-0.13105092276145203,0.25,17,end,0.5105,1.0
ETH,2026-06-27 15:00:00,2026-06-28 02:00:00,-1,2.000557527745605,0.40011150554912106,0.2,11,end,0.9904,0.8
BTC,2026-06-28 01:00:00,2026-06-28 02:00:00,-1,0.03393653376728806,0.006787306753457612,0.2,1,end,0.9043,1.0
BTC,2026-06-28 03:00:00,2026-06-30 12:00:00,-1,2.9205999999999945,0.584119999999999,0.2,57,tp,0.9946,0.5
ETH,2026-06-28 03:00:00,2026-06-29 17:00:00,-1,-3.081799999999996,-0.6163599999999992,0.2,38,sl,0.8662,0.8
SOL,2026-06-28 03:00:00,2026-06-29 03:00:00,1,2.9181999999999917,1.021369999999997,0.35,24,tp,0.5376,0.8
UNI,2026-06-28 03:00:00,2026-06-29 17:00:00,-1,-3.081799999999996,-0.770449999999999,0.25,38,sl,0.7378,0.5
SOL,2026-06-29 03:00:00,2026-06-29 17:00:00,1,2.918200000000002,1.0213700000000006,0.35,14,tp,0.7106,0.5
ETH,2026-06-29 17:00:00,2026-06-30 08:00:00,-1,2.9206000000000043,0.5841200000000009,0.2,15,tp,0.9548,0.5
SOL,2026-06-29 17:00:00,2026-07-01 16:00:00,-1,-3.8322499999999935,-1.3412874999999977,0.35,47,sl,0.9265,1.0
UNI,2026-06-29 17:00:00,2026-06-30 08:00:00,-1,5.171050000000003,1.2927625000000007,0.25,15,tp,0.9893,1.0
ETH,2026-06-30 08:00:00,2026-07-01 21:00:00,-1,-3.081799999999999,-0.6163599999999998,0.2,37,sl,0.8502,0.5
UNI,2026-06-30 08:00:00,2026-07-02 11:00:00,-1,-3.8322500000000073,-0.9580625000000018,0.25,51,sl,0.9118,1.0
BTC,2026-06-30 12:00:00,2026-07-02 12:00:00,1,5.1668499999999975,1.0333699999999995,0.2,48,tp,0.6475,1.0
SOL,2026-07-01 16:00:00,2026-07-02 10:00:00,-1,-3.8322499999999926,-1.3412874999999973,0.35,18,sl,0.9287,1.0
ETH,2026-07-01 21:00:00,2026-07-02 13:00:00,-1,-3.832250000000003,-0.7664500000000006,0.2,16,sl,0.9753,1.0
SOL,2026-07-02 10:00:00,2026-07-04 22:00:00,-1,0.11494700937994468,0.04023145328298063,0.35,60,time,0.9743,1.0
UNI,2026-07-02 11:00:00,2026-07-02 12:00:00,1,4.417300000000001,1.1043250000000002,0.25,1,tp,0.7354,1.0
BTC,2026-07-02 12:00:00,2026-07-05 00:00:00,-1,-2.440847536401458,-0.4881695072802916,0.2,60,time,0.857,1.0
ETH,2026-07-02 13:00:00,2026-07-03 21:00:00,-1,-3.832249999999999,-0.7664499999999999,0.2,32,sl,0.971,1.0
UNI,2026-07-03 00:00:00,2026-07-04 16:00:00,1,2.444534259551628,0.611133564887907,0.25,40,time,0.774,1.5
ETH,2026-07-03 21:00:00,2026-07-06 09:00:00,-1,0.17865040973147395,0.03573008194629479,0.2,60,time,0.9668,1.0
UNI,2026-07-04 16:00:00,2026-07-05 09:00:00,-1,2.9206000000000056,0.7301500000000014,0.25,17,tp,0.9971,0.8
SOL,2026-07-04 22:00:00,2026-07-06 12:00:00,-1,2.920600000000006,1.022210000000002,0.35,38,tp,0.7289,0.5
BTC,2026-07-05 00:00:00,2026-07-07 12:00:00,-1,-0.8666532037848432,-0.17333064075696866,0.2,60,time,0.7972,1.0
UNI,2026-07-05 09:00:00,2026-07-07 16:00:00,-1,-3.8322499999999953,-0.9580624999999988,0.25,55,sl,0.9701,1.0
ETH,2026-07-06 09:00:00,2026-07-08 11:00:00,1,-0.688816124630432,-0.1377632249260864,0.2,50,time,0.7628,1.0
SOL,2026-07-06 12:00:00,2026-07-06 21:00:00,1,4.417299999999997,1.546054999999999,0.35,9,tp,0.8094,1.0
SOL,2026-07-06 21:00:00,2026-07-07 22:00:00,-1,2.9205999999999954,1.0222099999999983,0.35,25,tp,0.9689,0.5
BTC,2026-07-07 12:00:00,2026-07-08 15:00:00,-1,2.9206000000000056,0.5841200000000012,0.2,27,tp,0.8007,0.8
UNI,2026-07-07 16:00:00,2026-07-08 02:00:00,-1,2.9206,0.73015,0.25,10,tp,0.9827,0.5
SOL,2026-07-08 00:00:00,2026-07-08 06:00:00,-1,2.920599999999995,1.0222099999999983,0.35,6,tp,0.9894,0.5
UNI,2026-07-08 02:00:00,2026-07-08 05:00:00,1,2.918199999999994,0.7295499999999985,0.25,3,tp,0.7459,0.5
UNI,2026-07-08 05:00:00,2026-07-08 08:00:00,-1,5.171049999999997,1.2927624999999991,0.25,3,tp,0.9856,1.0
SOL,2026-07-08 06:00:00,2026-07-10 18:00:00,-1,0.8023037586295036,0.28080631552032626,0.35,60,time,0.9269,0.5
UNI,2026-07-08 08:00:00,2026-07-08 17:00:00,1,5.166850000000006,1.2917125000000016,0.25,9,tp,0.7972,1.0
ETH,2026-07-08 11:00:00,2026-07-10 23:00:00,-1,-2.8791613272311265,-0.5758322654462253,0.2,60,time,0.6816,1.0
BTC,2026-07-08 15:00:00,2026-07-10 17:00:00,1,3.3698374695295934,0.6739674939059187,0.2,50,time,0.6555,1.0
UNI,2026-07-08 17:00:00,2026-07-09 21:00:00,-1,-3.832250000000003,-0.9580625000000007,0.25,28,sl,0.9433,1.0
UNI,2026-07-09 21:00:00,2026-07-10 08:00:00,-1,-3.8322500000000024,-0.9580625000000006,0.25,11,sl,0.9942,1.0
UNI,2026-07-10 08:00:00,2026-07-10 12:00:00,-1,-3.8322499999999984,-0.9580624999999996,0.25,4,sl,0.8507,1.0
UNI,2026-07-10 12:00:00,2026-07-11 00:00:00,-1,5.171050000000005,1.2927625000000011,0.25,12,tp,0.9908,1.0
BTC,2026-07-10 17:00:00,2026-07-12 19:00:00,1,0.5519350765326083,0.11038701530652167,0.2,50,time,0.6942,1.0
SOL,2026-07-10 18:00:00,2026-07-12 20:00:00,1,-0.14448658410732348,-0.05057030443756322,0.35,50,time,0.7711,1.0
ETH,2026-07-10 23:00:00,2026-07-13 01:00:00,1,0.4711652652023091,0.09423305304046183,0.2,50,time,0.5018,1.0
UNI,2026-07-11 00:00:00,2026-07-11 13:00:00,1,5.9164,1.4791,0.25,13,tp,0.8086,1.2
UNI,2026-07-11 18:00:00,2026-07-13 02:00:00,-1,5.171050000000003,1.2927625000000007,0.25,32,tp,0.9929,1.0
BTC,2026-07-12 19:00:00,2026-07-13 02:00:00,-1,1.1390933589900383,0.22781867179800766,0.2,7,end,0.9588,0.5
SOL,2026-07-12 20:00:00,2026-07-13 02:00:00,-1,1.1077939847682996,0.38772789466890484,0.35,6,end,0.9309,1.0
ETH,2026-07-13 01:00:00,2026-07-13 02:00:00,-1,-0.16804394023242492,-0.03360878804648498,0.2,1,end,0.8345,1.0
